[{"id":"user-image-570603c47c0bf8c867f7ac4c11b53ec15d5777e55d9103ba51bd20697864de423180f600f9b389305aec8ad9d614b6bf2c75e2b5f898248f4913c0_1280.jpg","fileName":"570603c47c0bf8c867f7ac4c11b53ec15d5777e55d9103ba51bd20697864de423180f600f9b389305aec8ad9d614b6bf2c75e2b5f898248f4913c0_1280.jpg","name":"570603c47c0bf8c867f7ac4c11b53ec15d5777e55d9103ba51bd20697864de423180f600f9b389305aec8ad9d614b6bf2c75e2b5f898248f4913c0_1280","publicUrl":"https://assets.nicepagecdn.com/b8a65511/4551872/images/570603c47c0bf8c867f7ac4c11b53ec15d5777e55d9103ba51bd20697864de423180f600f9b389305aec8ad9d614b6bf2c75e2b5f898248f4913c0_1280.jpg","size":116876,"hash":"/EwBa3Nzg1do1YaHI7f9x5tBR/I=","width":1280,"height":853,"thumbnail":{"url":"https://assets.nicepagecdn.com/b8a65511/4551872/images/thumbnails/570603c47c0bf8c867f7ac4c11b53ec15d5777e55d9103ba51bd20697864de423180f600f9b389305aec8ad9d614b6bf2c75e2b5f898248f4913c0_1280.jpg","width":150,"height":100},"usages":[]},{"id":"user-image-0c6130d239c56c748c1493b7c19b66d17aeb782dd6869412921768a4d265123ddb95e17b50b78b011ec9743bedcb54637014ead607a0b31516393f_1280.jpg","fileName":"0c6130d239c56c748c1493b7c19b66d17aeb782dd6869412921768a4d265123ddb95e17b50b78b011ec9743bedcb54637014ead607a0b31516393f_1280.jpg","name":"0c6130d239c56c748c1493b7c19b66d17aeb782dd6869412921768a4d265123ddb95e17b50b78b011ec9743bedcb54637014ead607a0b31516393f_1280","publicUrl":"https://assets.nicepagecdn.com/b8a65511/4551872/images/0c6130d239c56c748c1493b7c19b66d17aeb782dd6869412921768a4d265123ddb95e17b50b78b011ec9743bedcb54637014ead607a0b31516393f_1280.jpg","size":244173,"hash":"o7Dv+0Ae42TEaAMSkFf4PabVJAo=","width":1280,"height":853,"thumbnail":{"url":"https://assets.nicepagecdn.com/b8a65511/4551872/images/thumbnails/0c6130d239c56c748c1493b7c19b66d17aeb782dd6869412921768a4d265123ddb95e17b50b78b011ec9743bedcb54637014ead607a0b31516393f_1280.jpg","width":150,"height":100},"usages":[]},{"id":"user-image-WhatsAppImage2023-05-11at18.14.29.jpeg","fileName":"WhatsAppImage2023-05-11at18.14.29.jpeg","name":"WhatsAppImage2023-05-11at18.14.29","publicUrl":"https://assets.nicepagecdn.com/b8a65511/4551872/images/WhatsAppImage2023-05-11at18.14.29.jpeg","size":422017,"hash":"T0PtZNwU7EA5aoDOMofwJAA4Mqc=","width":1200,"height":1600,"thumbnail":{"url":"https://assets.nicepagecdn.com/b8a65511/4551872/images/thumbnails/WhatsAppImage2023-05-11at18.14.29.jpeg","width":113,"height":150},"usages":[]},{"id":"user-image-WhatsAppImage2023-05-11at17.51.04.jpeg","fileName":"WhatsAppImage2023-05-11at17.51.04.jpeg","name":"WhatsAppImage2023-05-11at17.51.04","publicUrl":"https://assets.nicepagecdn.com/b8a65511/4551872/images/WhatsAppImage2023-05-11at17.51.04.jpeg","size":71577,"hash":"MoqDS2SYcTMSMouObihdEBKhQEQ=","width":1024,"height":576,"thumbnail":{"url":"https://assets.nicepagecdn.com/b8a65511/4551872/images/thumbnails/WhatsAppImage2023-05-11at17.51.04.jpeg","width":150,"height":84},"usages":["4812904"]},{"id":"user-image-WhatsAppImage2023-05-11at17.51.07.jpeg","fileName":"WhatsAppImage2023-05-11at17.51.07.jpeg","name":"WhatsAppImage2023-05-11at17.51.07","publicUrl":"https://assets.nicepagecdn.com/b8a65511/4551872/images/WhatsAppImage2023-05-11at17.51.07.jpeg","size":152620,"hash":"T2ke6EZIuk0BuO+FS7tLhU7Pfd4=","width":1200,"height":1600,"thumbnail":{"url":"https://assets.nicepagecdn.com/b8a65511/4551872/images/thumbnails/WhatsAppImage2023-05-11at17.51.07.jpeg","width":113,"height":150},"usages":["4812904"]},{"id":"user-image-WhatsAppImage2023-05-12at08.16.53.jpeg","fileName":"WhatsAppImage2023-05-12at08.16.53.jpeg","name":"WhatsAppImage2023-05-12at08.16.53","publicUrl":"https://assets.nicepagecdn.com/b8a65511/4551872/images/WhatsAppImage2023-05-12at08.16.53.jpeg","size":52938,"hash":"F1VLYuC/qhM+/789kCzQiUHC5pU=","width":960,"height":1280,"thumbnail":{"url":"https://assets.nicepagecdn.com/b8a65511/4551872/images/thumbnails/WhatsAppImage2023-05-12at08.16.53.jpeg","width":113,"height":150},"usages":["4812904"]},{"id":"user-image-WhatsAppImage2023-05-11at17.51.022.jpeg","fileName":"WhatsAppImage2023-05-11at17.51.022.jpeg","name":"WhatsAppImage2023-05-11at17.51.022","publicUrl":"https://assets.nicepagecdn.com/b8a65511/4551872/images/WhatsAppImage2023-05-11at17.51.022.jpeg","size":82149,"hash":"zvUT/ZtBLlSiUVfrVdz7ZoAnwq8=","width":1200,"height":1600,"thumbnail":{"url":"https://assets.nicepagecdn.com/b8a65511/4551872/images/thumbnails/WhatsAppImage2023-05-11at17.51.022.jpeg","width":113,"height":150},"usages":["4812904"]},{"id":"user-image-WhatsAppImage2023-05-11at17.51.021.jpeg","fileName":"WhatsAppImage2023-05-11at17.51.021.jpeg","name":"WhatsAppImage2023-05-11at17.51.021","publicUrl":"https://assets.nicepagecdn.com/b8a65511/4551872/images/WhatsAppImage2023-05-11at17.51.021.jpeg","size":122079,"hash":"ldTLXc24DQbqdWCBfOHIU9OiMM0=","width":1200,"height":1600,"thumbnail":{"url":"https://assets.nicepagecdn.com/b8a65511/4551872/images/thumbnails/WhatsAppImage2023-05-11at17.51.021.jpeg","width":113,"height":150},"usages":["4812904"]},{"id":"user-image-4812904-0.jpeg","fileName":"4812904-0.jpeg","name":"4812904-0","publicUrl":"https://assets.nicepagecdn.com/b8a65511/4551872/images/4812904-0.jpeg","size":412855,"hash":"BAAH6Qa4+quhomV4q+Ab8NWkcV8=","width":1500,"height":1000,"thumbnail":{"url":"https://assets.nicepagecdn.com/b8a65511/4551872/images/thumbnails/4812904-0.jpeg","width":150,"height":100},"usages":["4812904"]},{"id":"user-image-WhatsAppImage2023-05-11at17.51.02.jpeg","fileName":"WhatsAppImage2023-05-11at17.51.02.jpeg","name":"WhatsAppImage2023-05-11at17.51.02","publicUrl":"https://assets.nicepagecdn.com/b8a65511/4551872/images/WhatsAppImage2023-05-11at17.51.02.jpeg","size":207713,"hash":"Qpr7+epPPcas3Z7XyG6wb12AiYY=","width":899,"height":1599,"thumbnail":{"url":"https://assets.nicepagecdn.com/b8a65511/4551872/images/thumbnails/WhatsAppImage2023-05-11at17.51.02.jpeg","width":84,"height":150},"usages":["4812904"]},{"id":"user-image-langit.jpg","fileName":"langit.jpg","name":"langit","publicUrl":"https://assets.nicepagecdn.com/b8a65511/4551872/images/langit.jpg","size":29971,"hash":"saZRGjc2B9mxg7viR7gcymQYaVQ=","width":750,"height":500,"thumbnail":{"url":"https://assets.nicepagecdn.com/b8a65511/4551872/images/thumbnails/langit.jpg","width":150,"height":100},"usages":["4812904"]},{"id":"user-image-malam.jpg","fileName":"malam.jpg","name":"malam","publicUrl":"https://assets.nicepagecdn.com/b8a65511/4551872/images/malam.jpg","size":34654,"hash":"Qq93yIqlJTxskvoEjj4tBkHl+SA=","width":1050,"height":700,"thumbnail":{"url":"https://assets.nicepagecdn.com/b8a65511/4551872/images/thumbnails/malam.jpg","width":150,"height":100},"usages":[]},{"id":"user-image-bintang.jpg","fileName":"bintang.jpg","name":"bintang","publicUrl":"https://assets.nicepagecdn.com/b8a65511/4551872/images/bintang.jpg","size":113060,"hash":"1hnZrJIudI3t0FMUrRKB21WJCKI=","width":1254,"height":836,"thumbnail":{"url":"https://assets.nicepagecdn.com/b8a65511/4551872/images/thumbnails/bintang.jpg","width":150,"height":100},"usages":["4812904"]},{"id":"user-image-WhatsAppImage2023-05-13at17.21.32.jpeg","fileName":"WhatsAppImage2023-05-13at17.21.32.jpeg","name":"WhatsAppImage2023-05-13at17.21.32","publicUrl":"https://assets.nicepagecdn.com/b8a65511/4551872/images/WhatsAppImage2023-05-13at17.21.32.jpeg","size":128986,"hash":"A/STifndXUZ4XhsuNZAlGEt5CmA=","width":577,"height":1280,"thumbnail":{"url":"https://assets.nicepagecdn.com/b8a65511/4551872/images/thumbnails/WhatsAppImage2023-05-13at17.21.32.jpeg","width":68,"height":150},"usages":["4812904"]},{"id":"user-image-WhatsAppImage2023-05-13at17.21.33.jpeg","fileName":"WhatsAppImage2023-05-13at17.21.33.jpeg","name":"WhatsAppImage2023-05-13at17.21.33","publicUrl":"https://assets.nicepagecdn.com/b8a65511/4551872/images/WhatsAppImage2023-05-13at17.21.33.jpeg","size":125320,"hash":"HM0q7R14iYD4JmByDqot+mywMzI=","width":577,"height":1280,"thumbnail":{"url":"https://assets.nicepagecdn.com/b8a65511/4551872/images/thumbnails/WhatsAppImage2023-05-13at17.21.33.jpeg","width":68,"height":150},"usages":[]},{"id":"user-image-WhatsAppImage2023-05-13at17.21.34.jpeg","fileName":"WhatsAppImage2023-05-13at17.21.34.jpeg","name":"WhatsAppImage2023-05-13at17.21.34","publicUrl":"https://assets.nicepagecdn.com/b8a65511/4551872/images/WhatsAppImage2023-05-13at17.21.34.jpeg","size":162670,"hash":"tDSzevbNWRz/wtuacEJ01dfCd1A=","width":899,"height":1599,"thumbnail":{"url":"https://assets.nicepagecdn.com/b8a65511/4551872/images/thumbnails/WhatsAppImage2023-05-13at17.21.34.jpeg","width":84,"height":150},"usages":["4812904"]},{"id":"user-image-WhatsAppImage2023-05-13at17.21.341.jpeg","fileName":"WhatsAppImage2023-05-13at17.21.341.jpeg","name":"WhatsAppImage2023-05-13at17.21.341","publicUrl":"https://assets.nicepagecdn.com/b8a65511/4551872/images/WhatsAppImage2023-05-13at17.21.341.jpeg","size":168474,"hash":"TACZkBihAliMaOLARkKwnNDBc9E=","width":1200,"height":1600,"thumbnail":{"url":"https://assets.nicepagecdn.com/b8a65511/4551872/images/thumbnails/WhatsAppImage2023-05-13at17.21.341.jpeg","width":113,"height":150},"usages":["4812904"]},{"id":"user-image-ded.jpg","fileName":"ded.jpg","name":"ded","publicUrl":"https://assets.nicepagecdn.com/b8a65511/4551872/images/ded.jpg","size":25978,"hash":"2Tz+/pCueED7NHyBeNyRF4+Itkw=","width":640,"height":360,"thumbnail":{"url":"https://assets.nicepagecdn.com/b8a65511/4551872/images/thumbnails/ded.jpg","width":150,"height":84},"usages":["4812904"]},{"id":"user-image-sunset.png","fileName":"sunset.png","name":"sunset","publicUrl":"https://assets.nicepagecdn.com/b8a65511/4551872/images/sunset.png","size":76830,"hash":"JNNCDotAt8D2E9WKqD5X+Rdlz0I=","width":960,"height":686,"thumbnail":{"url":"https://assets.nicepagecdn.com/b8a65511/4551872/images/thumbnails/sunset.png","width":150,"height":107},"usages":["4812904"]},{"id":"user-image-steu.jpg","fileName":"steu.jpg","name":"steu","publicUrl":"https://assets.nicepagecdn.com/b8a65511/4551872/images/steu.jpg","size":191996,"hash":"evEuUy0SpBYnR6YtcF7/zXdcnb0=","width":960,"height":720,"thumbnail":{"url":"https://assets.nicepagecdn.com/b8a65511/4551872/images/thumbnails/steu.jpg","width":150,"height":113},"usages":["4812904"]},{"id":"user-image-WhatsAppImage2023-05-13at18.09.54.jpeg","fileName":"WhatsAppImage2023-05-13at18.09.54.jpeg","name":"WhatsAppImage2023-05-13at18.09.54","publicUrl":"https://assets.nicepagecdn.com/b8a65511/4551872/images/WhatsAppImage2023-05-13at18.09.54.jpeg","size":155832,"hash":"nlhIG+JdDGPiAvKfDyYixZSyxuU=","width":1200,"height":1600,"thumbnail":{"url":"https://assets.nicepagecdn.com/b8a65511/4551872/images/thumbnails/WhatsAppImage2023-05-13at18.09.54.jpeg","width":113,"height":150},"usages":["4812904"]},{"id":"user-image-WhatsAppImage2023-05-11at17.51.03.jpeg","fileName":"WhatsAppImage2023-05-11at17.51.03.jpeg","name":"WhatsAppImage2023-05-11at17.51.03","publicUrl":"https://assets.nicepagecdn.com/b8a65511/4551872/images/WhatsAppImage2023-05-11at17.51.03.jpeg","size":103519,"hash":"RIvECcwoZ/em2VWuTA+gb9VwGas=","width":1080,"height":611,"thumbnail":{"url":"https://assets.nicepagecdn.com/b8a65511/4551872/images/thumbnails/WhatsAppImage2023-05-11at17.51.03.jpeg","width":150,"height":85},"usages":["4812904"]},{"id":"user-image-WhatsAppImage2023-05-11at17.51.031.jpeg","fileName":"WhatsAppImage2023-05-11at17.51.031.jpeg","name":"WhatsAppImage2023-05-11at17.51.031","publicUrl":"https://assets.nicepagecdn.com/b8a65511/4551872/images/WhatsAppImage2023-05-11at17.51.031.jpeg","size":544049,"hash":"2oCdZCCoMJtnZLei6DdHj28lDjA=","width":1200,"height":1600,"thumbnail":{"url":"https://assets.nicepagecdn.com/b8a65511/4551872/images/thumbnails/WhatsAppImage2023-05-11at17.51.031.jpeg","width":113,"height":150},"usages":["4812904"]},{"id":"user-image-WhatsAppImage2023-05-11at17.51.032.jpeg","fileName":"WhatsAppImage2023-05-11at17.51.032.jpeg","name":"WhatsAppImage2023-05-11at17.51.032","publicUrl":"https://assets.nicepagecdn.com/b8a65511/4551872/images/WhatsAppImage2023-05-11at17.51.032.jpeg","size":167917,"hash":"Jxb+I65CzYWpe+Ab6XUXg6KjrZU=","width":1200,"height":1600,"thumbnail":{"url":"https://assets.nicepagecdn.com/b8a65511/4551872/images/thumbnails/WhatsAppImage2023-05-11at17.51.032.jpeg","width":113,"height":150},"usages":["4812904"]},{"id":"user-image-bg.jpg","fileName":"bg.jpg","name":"bg","publicUrl":"https://assets.nicepagecdn.com/b8a65511/4551872/images/bg.jpg","size":108393,"hash":"jKH2bpsY4egKngRR2z4lpiOGcVo=","width":721,"height":240,"thumbnail":{"url":"https://assets.nicepagecdn.com/b8a65511/4551872/images/thumbnails/bg.jpg","width":150,"height":50},"usages":[]},{"id":"user-image-WhatsAppImage2023-05-11at17.51.033.jpeg","fileName":"WhatsAppImage2023-05-11at17.51.033.jpeg","name":"WhatsAppImage2023-05-11at17.51.033","publicUrl":"https://assets.nicepagecdn.com/b8a65511/4551872/images/WhatsAppImage2023-05-11at17.51.033.jpeg","size":126616,"hash":"UmK9QPTVNxs0Zc8P/f20b/O8gs8=","width":1200,"height":1600,"thumbnail":{"url":"https://assets.nicepagecdn.com/b8a65511/4551872/images/thumbnails/WhatsAppImage2023-05-11at17.51.033.jpeg","width":113,"height":150},"usages":["4812904"]},{"id":"user-image-lalefjali.jpg","fileName":"lalefjali.jpg","name":"lalefjali","publicUrl":"https://assets.nicepagecdn.com/b8a65511/4551872/images/lalefjali.jpg","size":107021,"hash":"h1Pa42hSWCFyj7ae+Tr4zvAbeaA=","width":900,"height":580,"thumbnail":{"url":"https://assets.nicepagecdn.com/b8a65511/4551872/images/thumbnails/lalefjali.jpg","width":150,"height":97},"usages":["4812904"]},{"id":"user-image-hr.jpg","fileName":"hr.jpg","name":"hr","publicUrl":"https://assets.nicepagecdn.com/b8a65511/4551872/images/hr.jpg","size":13646,"hash":"+TU0ZZbYFNzDRxyt+hsZ+vNqNzI=","width":700,"height":393,"thumbnail":{"url":"https://assets.nicepagecdn.com/b8a65511/4551872/images/thumbnails/hr.jpg","width":150,"height":84},"usages":[]}]